{
  "experiments": {
    "baseline": {
      "seed": 0,
      "training_iters": 10000,
      "batch_size": 128,
      "T": 40,
      "hidden_dim": 128,
      "lr": 0.0003,
      "rec_noise": 0.0,
      "gate": true,
      "dale": true,
      "start_coh": 0.2,
      "min_coh": 0.1,
      "coh_step": 0.1,
      "mode": "baseline"
    },
    "noisy": {
      "seed": 0,
      "training_iters": 10000,
      "batch_size": 128,
      "T": 40,
      "hidden_dim": 128,
      "lr": 0.0003,
      "rec_noise": 0.1,
      "gate": true,
      "dale": true,
      "start_coh": 0.2,
      "min_coh": 0.1,
      "coh_step": 0.1,
      "mode": "baseline"
    },
    "curriculum": {
      "seed": 0,
      "training_iters": 10000,
      "batch_size": 128,
      "T": 40,
      "hidden_dim": 128,
      "lr": 0.0003,
      "rec_noise": 0.0,
      "gate": true,
      "dale": true,
      "start_coh": 0.8,
      "min_coh": 0.1,
      "coh_step": 0.1,
      "mode": "curriculum"
    }
  },
  "seed": 0,
  "device": "cuda"
}